fname,breedID
3680,11
3681,30
3682,26
3683,23
3684,19
3685,22
3686,33
3687,33
3688,31
3689,4
3690,11
3691,17
3692,5
3693,5
3694,20
3695,21
3696,5
3697,13
3698,37
3699,15
3700,37
3701,9
3702,15
3703,37
3704,15
3705,6
3706,18
3707,9
3708,31
3709,16
3710,33
3711,37
3712,13
3713,12
3714,17
3715,7
3716,10
3717,7
3718,33
3719,18
3720,30
3721,2
3722,11
3723,5
3724,27
3725,26
3726,20
3727,26
3728,11
3729,25
3730,21
3731,16
3732,23
3733,11
3734,20
3735,17
3736,27
3737,2
3738,28
3739,33
3740,21
3741,34
3742,26
3743,6
3744,2
3745,13
3746,16
3747,9
3748,23
3749,13
3750,30
3751,35
3752,16
3753,32
3754,32
3755,29
3756,15
3757,26
3758,17
3759,31
3760,27
3761,28
3762,14
3763,8
3764,7
3765,9
3766,25
3767,10
3768,15
3769,6
3770,9
3771,23
3772,26
3773,25
3774,26
3775,25
3776,15
3777,4
3778,9
3779,21
3780,20
3781,15
3782,14
3783,9
3784,8
3785,27
3786,36
3787,3
3788,20
3789,6
3790,5
3791,5
3792,21
3793,9
3794,36
3795,34
3796,34
3797,27
3798,21
3799,12
3800,21
3801,4
3802,12
3803,18
3804,20
3805,26
3806,11
3807,36
3808,32
3809,25
3810,34
3811,5
3812,10
3813,1
3814,20
3815,6
3816,1
3817,3
3818,29
3819,37
3820,16
3821,15
3822,19
3823,23
3824,29
3825,28
3826,4
3827,19
3828,11
3829,28
3830,25
3831,2
3832,12
3833,8
3834,12
3835,6
3836,5
3837,17
3838,29
3839,3
3840,26
3841,31
3842,15
3843,7
3844,20
3845,5
3846,17
3847,20
3848,34
3849,11
3850,32
3851,3
3852,29
3853,6
3854,4
3855,37
3856,29
3857,29
3858,5
3859,30
3860,31
3861,3
3862,26
3863,27
3864,27
3865,34
3866,23
3867,29
3868,28
3869,36
3870,23
3871,3
3872,22
3873,28
3874,21
3875,15
3876,11
3877,6
3878,26
3879,18
3880,25
3881,13
3882,15
3883,30
3884,22
3885,25
3886,10
3887,20
3888,37
3889,9
3890,17
3891,5
3892,33
3893,8
3894,31
3895,34
3896,15
3897,26
3898,31
3899,31
3900,27
3901,8
3902,13
3903,6
3904,32
3905,5
3906,19
3907,1
3908,8
3909,3
3910,32
3911,3
3912,24
3913,16
3914,13
3915,34
3916,9
3917,22
3918,15
3919,4
3920,22
3921,37
3922,33
3923,6
3924,5
3925,3
3926,16
3927,2
3928,29
3929,10
3930,31
3931,36
3932,21
3933,5
3934,12
3935,30
3936,36
3937,8
3938,2
3939,37
3940,24
3941,22
3942,37
3943,6
3944,27
3945,3
3946,15
3947,10
3948,5
3949,30
3950,18
3951,12
3952,32
3953,15
3954,1
3955,4
3956,16
3957,6
3958,5
3959,28
3960,11
3961,29
3962,6
3963,25
3964,14
3965,32
3966,9
3967,27
3968,28
3969,26
3970,19
3971,36
3972,35
3973,26
3974,6
3975,17
3976,6
3977,4
3978,11
3979,31
3980,19
3981,6
3982,33
3983,5
3984,13
3985,6
3986,6
3987,4
3988,19
3989,15
3990,8
3991,24
3992,9
3993,5
3994,9
3995,23
3996,6
3997,16
3998,33
3999,12
4000,28
4001,37
4002,36
4003,22
4004,20
4005,10
4006,12
4007,20
4008,22
4009,22
4010,22
4011,2
4012,25
4013,6
4014,8
4015,28
4016,29
4017,11
4018,8
4019,9
4020,18
4021,23
4022,28
4023,4
4024,18
4025,28
4026,24
4027,12
4028,13
4029,12
4030,13
4031,22
4032,17
4033,16
4034,22
4035,17
4036,32
4037,6
4038,37
4039,32
4040,2
4041,17
4042,34
4043,21
4044,21
4045,12
4046,8
4047,13
4048,25
4049,13
4050,27
4051,12
4052,1
4053,30
4054,37
4055,10
4056,29
4057,33
4058,31
4059,24
4060,21
4061,8
4062,5
4063,34
4064,5
4065,33
4066,13
4067,14
4068,2
4069,3
4070,19
4071,5
4072,20
4073,29
4074,24
4075,27
4076,20
4077,26
4078,30
4079,23
4080,37
4081,9
4082,9
4083,9
4084,6
4085,21
4086,16
4087,6
4088,3
4089,15
4090,31
4091,19
4092,26
4093,6
4094,23
4095,27
4096,20
4097,20
4098,34
4099,5
4100,5
4101,23
4102,5
4103,11
4104,1
4105,21
4106,13
4107,30
4108,31
4109,7
4110,27
4111,24
4112,17
4113,1
4114,2
4115,5
4116,16
4117,22
4118,17
4119,14
4120,28
4121,28
4122,28
4123,31
4124,12
4125,33
4126,31
4127,13
4128,28
4129,7
4130,13
4131,14
4132,6
4133,25
4134,20
4135,20
4136,28
4137,29
4138,25
4139,19
4140,34
4141,5
4142,18
4143,5
4144,30
4145,14
4146,12
4147,31
4148,8
4149,5
4150,23
4151,15
4152,37
4153,37
4154,19
4155,9
4156,1
4157,24
4158,24
4159,27
4160,12
4161,22
4162,6
4163,17
4164,5
4165,11
4166,11
4167,22
4168,11
4169,26
4170,30
4171,9
4172,4
4173,32
4174,28
4175,12
4176,34
4177,31
4178,18
4179,6
4180,37
4181,36
4182,1
4183,16
4184,27
4185,33
4186,35
4187,11
4188,36
4189,33
4190,1
4191,31
4192,34
4193,6
4194,9
4195,11
4196,18
4197,23
4198,26
4199,25
4200,21
4201,30
4202,19
4203,21
4204,6
4205,23
4206,27
4207,34
4208,23
4209,31
4210,11
4211,14
4212,24
4213,29
4214,8
4215,5
4216,16
4217,33
4218,19
4219,10
4220,36
4221,2
4222,24
4223,34
4224,18
4225,23
4226,20
4227,2
4228,3
4229,2
4230,28
4231,36
4232,32
4233,5
4234,11
4235,27
4236,18
4237,25
4238,11
4239,9
4240,2
4241,20
4242,9
4243,26
4244,13
4245,10
4246,27
4247,34
4248,1
4249,18
4250,5
4251,21
4252,18
4253,31
4254,9
4255,29
4256,18
4257,37
4258,10
4259,29
4260,23
4261,20
4262,10
4263,15
4264,18
4265,25
4266,13
4267,28
4268,26
4269,5
4270,15
4271,27
4272,10
4273,1
4274,36
4275,5
4276,23
4277,16
4278,6
4279,20
4280,33
4281,6
4282,26
4283,16
4284,20
4285,1
4286,5
4287,28
4288,18
4289,2
4290,28
4291,2
4292,15
4293,31
4294,27
4295,32
4296,3
4297,19
4298,32
4299,16
4300,29
4301,27
4302,35
4303,19
4304,25
4305,26
4306,14
4307,11
4308,19
4309,15
4310,34
4311,8
4312,13
4313,15
4314,1
4315,26
4316,22
4317,22
4318,15
4319,13
4320,34
4321,9
4322,34
4323,17
4324,13
4325,31
4326,24
4327,26
4328,33
4329,12
4330,25
4331,25
4332,1
4333,16
4334,26
4335,28
4336,25
4337,22
4338,34
4339,2
4340,6
4341,16
4342,1
4343,15
4344,34
4345,6
4346,32
4347,16
4348,33
4349,20
4350,34
4351,21
4352,15
4353,3
4354,17
4355,6
4356,8
4357,33
4358,25
4359,7
4360,2
4361,6
4362,5
4363,18
4364,24
4365,33
4366,25
4367,8
4368,19
4369,5
4370,28
4371,12
4372,3
4373,3
4374,16
4375,27
4376,9
4377,11
4378,5
4379,9
4380,2
4381,36
4382,20
4383,31
4384,7
4385,1
4386,13
4387,30
4388,17
4389,6
4390,2
4391,10
4392,7
4393,13
4394,17
4395,15
4396,34
4397,16
4398,29
4399,17
4400,33
4401,35
4402,13
4403,36
4404,12
4405,2
4406,31
4407,25
4408,30
4409,22
4410,33
4411,28
4412,29
4413,5
4414,15
4415,14
4416,37
4417,26
4418,28
4419,30
4420,20
4421,16
4422,5
4423,18
4424,14
4425,5
4426,15
4427,33
4428,11
4429,20
4430,33
4431,28
4432,6
4433,4
4434,10
4435,32
4436,4
4437,19
4438,13
4439,30
4440,33
4441,37
4442,19
4443,1
4444,5
4445,11
4446,33
4447,5
4448,10
4449,3
4450,36
4451,12
4452,25
4453,32
4454,25
4455,27
4456,30
4457,29
4458,26
4459,4
4460,18
4461,12
4462,27
4463,18
4464,18
4465,14
4466,22
4467,31
4468,34
4469,34
4470,33
4471,20
4472,25
4473,5
4474,27
4475,2
4476,5
4477,29
4478,18
4479,28
4480,20
4481,18
4482,5
4483,14
4484,24
4485,37
4486,26
4487,21
4488,9
4489,24
4490,34
4491,2
4492,14
4493,27
4494,2
4495,36
4496,14
4497,27
4498,31
4499,37
4500,20
4501,26
4502,11
4503,21
4504,27
4505,26
4506,20
4507,37
4508,9
4509,24
4510,27
4511,4
4512,32
4513,37
4514,29
4515,23
4516,5
4517,27
4518,6
4519,34
4520,14
4521,3
4522,25
4523,15
4524,11
4525,29
4526,17
4527,26
4528,2
4529,11
4530,17
4531,5
4532,17
4533,24
4534,19
4535,15
4536,8
4537,33
4538,13
4539,13
4540,4
4541,29
4542,2
4543,24
4544,27
4545,13
4546,18
4547,17
4548,37
4549,27
4550,20
4551,5
4552,31
4553,21
4554,5
4555,5
4556,35
4557,33
4558,11
4559,25
4560,17
4561,3
4562,23
4563,20
4564,2
4565,17
4566,14
4567,32
4568,23
4569,34
4570,12
4571,13
4572,28
4573,10
4574,32
4575,30
4576,18
4577,25
4578,15
4579,35
4580,23
4581,23
4582,24
4583,16
4584,12
4585,26
4586,12
4587,14
4588,26
4589,37
4590,29
4591,8
4592,22
4593,9
4594,2
4595,37
4596,11
4597,4
4598,26
4599,27
4600,12
4601,28
4602,27
4603,5
4604,5
4605,33
4606,27
4607,30
4608,18
4609,1
4610,5
4611,7
4612,11
4613,23
4614,5
4615,18
4616,22
4617,5
4618,2
4619,16
4620,28
4621,35
4622,13
4623,29
4624,5
4625,37
4626,22
4627,36
4628,14
4629,8
4630,30
4631,34
4632,21
4633,20
4634,36
4635,34
4636,8
4637,25
4638,5
4639,32
4640,16
4641,30
4642,25
4643,32
4644,22
4645,8
4646,18
4647,8
4648,13
4649,7
4650,22
4651,13
4652,30
4653,33
4654,19
4655,2
4656,11
4657,11
4658,30
4659,11
4660,12
4661,9
4662,9
4663,5
4664,33
4665,22
4666,27
4667,27
4668,5
4669,16
4670,22
4671,17
4672,27
4673,1
4674,23
4675,31
4676,20
4677,1
4678,16
4679,6
4680,6
4681,12
4682,21
4683,12
4684,8
4685,30
4686,34
4687,12
4688,20
4689,4
4690,16
4691,3
4692,16
4693,19
4694,13
4695,18
4696,5
4697,20
4698,34
4699,2
4700,34
4701,16
4702,28
4703,30
4704,37
4705,5
4706,30
4707,3
4708,1
4709,9
4710,30
4711,31
4712,11
4713,28
4714,19
4715,9
4716,28
4717,30
4718,29
4719,28
4720,33
4721,32
4722,5
4723,12
4724,28
4725,33
4726,36
4727,28
4728,21
4729,19
4730,26
4731,5
4732,27
4733,31
4734,37
4735,20
4736,28
4737,30
4738,21
4739,18
4740,9
4741,9
4742,18
4743,12
4744,34
4745,37
4746,21
4747,27
4748,33
4749,33
4750,37
4751,3
4752,28
4753,2
4754,20
4755,12
4756,27
4757,9
4758,8
4759,2
4760,25
4761,29
4762,21
4763,13
4764,14
4765,22
4766,5
4767,26
4768,5
4769,5
4770,8
4771,21
4772,28
4773,5
4774,23
4775,17
4776,36
4777,37
4778,22
4779,33
4780,11
4781,33
4782,3
4783,36
4784,29
4785,6
4786,14
4787,36
4788,28
4789,35
4790,28
4791,5
4792,19
4793,14
4794,6
4795,23
4796,6
4797,6
4798,24
4799,31
4800,37
4801,12
4802,6
4803,1
4804,5
4805,24
4806,34
4807,36
4808,20
4809,30
4810,25
4811,8
4812,12
4813,10
4814,3
4815,17
4816,3
4817,24
4818,17
4819,8
4820,36
4821,29
4822,30
4823,33
4824,19
4825,1
4826,12
4827,6
4828,8
4829,14
4830,23
4831,19
4832,17
4833,15
4834,10
4835,16
4836,7
4837,13
4838,27
4839,32
4840,14
4841,34
4842,16
4843,24
4844,6
4845,14
4846,18
4847,1
4848,27
4849,31
4850,23
4851,32
4852,27
4853,21
4854,6
4855,34
4856,25
4857,5
4858,17
4859,22
4860,37
4861,2
4862,28
4863,33
4864,17
4865,12
4866,23
4867,29
4868,14
4869,34
4870,23
4871,21
4872,26
4873,34
4874,1
4875,5
4876,5
4877,5
4878,28
4879,2
4880,7
4881,11
4882,37
4883,17
4884,11
4885,11
4886,23
4887,18
4888,30
4889,6
4890,23
4891,17
4892,10
4893,14
4894,1
4895,8
4896,2
4897,13
4898,10
4899,33
4900,25
4901,11
4902,34
4903,3
4904,14
4905,27
4906,37
4907,36
4908,11
4909,3
4910,12
4911,31
4912,13
4913,33
4914,17
4915,36
4916,1
4917,5
4918,37
4919,26
4920,31
4921,27
4922,33
4923,33
4924,11
4925,22
4926,29
4927,37
4928,21
4929,5
4930,34
4931,20
4932,34
4933,9
4934,28
4935,32
4936,4
4937,27
4938,36
4939,16
4940,5
4941,18
4942,23
4943,14
4944,30
4945,14
4946,25
4947,13
4948,26
4949,25
4950,10
4951,27
4952,2
4953,30
4954,19
4955,10
4956,5
4957,15
4958,10
4959,28
4960,21
4961,27
4962,19
4963,13
4964,27
4965,30
4966,25
4967,13
4968,26
4969,14
4970,15
4971,32
4972,34
4973,19
4974,24
4975,9
4976,16
4977,32
4978,27
4979,16
4980,1
4981,35
4982,18
4983,6
4984,5
4985,5
4986,18
4987,25
4988,12
4989,5
4990,36
4991,5
4992,4
4993,34
4994,26
4995,13
4996,6
4997,13
4998,34
4999,25
5000,17
5001,29
5002,22
5003,5
5004,6
5005,25
5006,27
5007,22
5008,11
5009,33
5010,2
5011,11
5012,17
5013,16
5014,32
5015,19
5016,26
5017,19
5018,9
5019,23
5020,6
5021,21
5022,28
5023,33
5024,20
5025,9
5026,18
5027,22
5028,19
5029,28
5030,6
5031,20
5032,28
5033,2
5034,14
5035,10
5036,29
5037,3
5038,27
5039,11
5040,29
5041,22
5042,34
5043,15
5044,12
5045,22
5046,15
5047,25
5048,14
5049,5
5050,4
5051,32
5052,1
5053,9
5054,14
5055,34
5056,23
5057,36
5058,1
5059,1
5060,35
5061,15
5062,23
5063,8
5064,14
5065,8
5066,9
5067,18
5068,30
5069,34
5070,6
5071,12
5072,27
5073,30
5074,17
5075,33
5076,29
5077,9
5078,19
5079,18
5080,33
5081,12
5082,32
5083,9
5084,3
5085,14
5086,34
5087,14
5088,31
5089,19
5090,14
5091,5
5092,8
5093,13
5094,12
5095,5
5096,29
5097,18
5098,9
5099,21
5100,24
5101,6
5102,27
5103,36
5104,35
5105,5
5106,8
5107,5
5108,31
5109,31
5110,26
5111,23
5112,18
5113,6
5114,21
5115,25
5116,17
5117,33
5118,10
5119,27
5120,20
5121,13
5122,18
5123,11
5124,23
5125,34
5126,6
5127,25
5128,9
5129,34
5130,31
5131,23
5132,24
5133,37
5134,28
5135,31
5136,6
5137,1
5138,4
5139,10
5140,3
5141,25
5142,1
5143,17
5144,16
5145,7
5146,24
5147,14
5148,9
5149,4
5150,23
5151,13
5152,26
5153,35
5154,25
5155,37
5156,34
5157,22
5158,11
5159,6
5160,13
5161,8
5162,12
5163,13
5164,29
5165,21
5166,6
5167,12
5168,32
5169,13
5170,31
5171,14
5172,31
5173,20
5174,17
5175,28
5176,8
5177,37
5178,9
5179,5
5180,17
5181,12
5182,33
5183,9
5184,26
5185,14
5186,17
5187,12
5188,3
5189,21
5190,3
5191,9
5192,2
5193,11
5194,36
5195,18
5196,33
5197,36
5198,7
5199,13
5200,33
5201,20
5202,27
5203,17
5204,11
5205,32
5206,18
5207,8
5208,30
5209,13
5210,11
5211,19
5212,34
5213,24
5214,6
5215,37
5216,8
5217,23
5218,24
5219,9
5220,14
5221,35
5222,14
5223,32
5224,34
5225,30
5226,31
5227,2
5228,34
5229,35
5230,35
5231,5
5232,9
5233,17
5234,31
5235,30
5236,5
5237,17
5238,29
5239,25
5240,26
5241,30
5242,29
5243,19
5244,36
5245,17
5246,6
5247,37
5248,32
5249,9
5250,34
5251,16
5252,12
5253,22
5254,29
5255,37
5256,13
5257,36
5258,22
5259,10
5260,5
5261,23
5262,34
5263,30
5264,17
5265,9
5266,2
5267,28
5268,24
5269,23
5270,33
5271,32
5272,8
5273,30
5274,21
5275,5
5276,9
5277,22
5278,16
5279,15
5280,34
5281,36
5282,35
5283,37
5284,2
5285,25
5286,6
5287,5
5288,29
5289,2
5290,5
5291,5
5292,23
5293,6
5294,2
5295,22
5296,34
5297,5
5298,3
5299,30
5300,18
5301,23
5302,6
5303,15
5304,4
5305,30
5306,2
5307,34
5308,19
5309,6
5310,28
5311,24
5312,33
5313,6
5314,26
5315,24
5316,5
5317,17
5318,13
5319,11
5320,22
5321,35
5322,6
5323,9
5324,16
5325,26
5326,11
5327,26
5328,16
5329,6
5330,32
5331,25
5332,20
5333,16
5334,17
5335,31
5336,21
5337,5
5338,16
5339,29
5340,17
5341,16
5342,25
5343,33
5344,27
5345,10
5346,8
5347,9
5348,5
5349,2
5350,29
5351,22
5352,22
5353,1
5354,5
5355,20
5356,17
5357,25
5358,2
5359,11
5360,34
5361,3
5362,25
5363,36
5364,28
5365,14
5366,29
5367,15
5368,6
5369,9
5370,9
5371,33
5372,6
5373,16
5374,14
5375,3
5376,11
5377,33
5378,36
5379,24
5380,24
5381,26
5382,24
5383,6
5384,11
5385,12
5386,11
5387,10
5388,19
5389,9
5390,31
5391,33
5392,13
5393,24
5394,24
5395,9
5396,19
5397,1
5398,22
5399,5
5400,34
5401,31
5402,7
5403,19
5404,35
5405,4
5406,20
5407,3
5408,32
5409,3
5410,20
5411,21
5412,32
5413,6
5414,30
5415,28
5416,5
5417,15
5418,29
5419,21
5420,7
5421,1
5422,20
5423,7
5424,20
5425,2
5426,18
5427,30
5428,23
5429,27
5430,24
5431,3
5432,34
5433,30
5434,27
5435,28
5436,22
5437,22
5438,30
5439,35
5440,21
5441,13
5442,8
5443,2
5444,19
5445,18
5446,37
5447,32
5448,37
5449,15
5450,34
5451,34
5452,30
5453,9
5454,3
5455,22
5456,24
5457,26
5458,14
5459,21
5460,15
5461,20
5462,30
5463,5
5464,16
5465,24
5466,18
5467,6
5468,16
5469,31
5470,34
5471,9
5472,36
5473,20
5474,20
5475,34
5476,14
5477,5
5478,20
5479,13
5480,2
5481,36
5482,22
5483,23
5484,9
5485,37
5486,1
5487,3
5488,16
5489,11
5490,37
5491,22
5492,31
5493,8
5494,25
5495,34
5496,25
5497,34
5498,20
5499,1
5500,27
5501,5
5502,13
5503,1
5504,12
5505,27
5506,22
5507,11
5508,21
5509,31
5510,9
5511,28
5512,20
5513,21
5514,19
5515,27
5516,30
5517,17
5518,19
5519,2
5520,25
5521,22
5522,14
5523,8
5524,30
5525,33
5526,9
5527,26
5528,6
5529,33
5530,21
5531,26
5532,18
5533,13
5534,23
5535,2
5536,5
5537,2
5538,24
5539,16
5540,16
5541,5
5542,11
5543,5
5544,9
5545,27
5546,29
5547,10
5548,6
5549,8
5550,3
5551,5
5552,23
5553,22
5554,2
5555,34
5556,14
5557,32
5558,32
5559,31
5560,24
5561,11
5562,8
5563,25
5564,27
5565,30
5566,32
5567,11
5568,31
5569,12
5570,25
5571,31
5572,2
5573,21
5574,34
5575,14
5576,3
5577,33
5578,5
5579,35
5580,33
5581,21
5582,17
5583,18
5584,30
5585,20
5586,5
5587,18
5588,2
5589,21
5590,16
5591,31
5592,7
5593,5
5594,1
5595,30
5596,24
5597,34
5598,7
5599,5
5600,5
5601,10
5602,32
5603,25
5604,30
5605,8
5606,28
5607,15
5608,27
5609,29
5610,9
5611,3
5612,1
5613,28
5614,26
5615,30
5616,28
5617,16
5618,6
5619,33
5620,5
5621,2
5622,24
5623,27
5624,2
5625,6
5626,15
5627,30
5628,27
5629,5
5630,34
5631,9
5632,5
5633,22
5634,36
5635,14
5636,28
5637,33
5638,11
5639,9
5640,13
5641,2
5642,17
5643,22
5644,15
5645,25
5646,34
5647,23
5648,11
5649,8
5650,6
5651,26
5652,20
5653,20
5654,9
5655,11
5656,3
5657,1
5658,8
5659,27
5660,5
5661,23
5662,25
5663,33
5664,32
5665,37
5666,10
5667,28
5668,11
5669,19
5670,13
5671,33
5672,26
5673,19
5674,33
5675,7
5676,22
5677,24
5678,16
5679,20
5680,16
5681,2
5682,3
5683,35
5684,12
5685,11
5686,3
5687,15
5688,14
5689,3
5690,6
5691,29
5692,16
5693,16
5694,24
5695,19
5696,6
5697,18
5698,32
5699,27
5700,21
5701,16
5702,29
5703,6
5704,23
5705,32
5706,19
5707,24
5708,1
5709,6
5710,29
5711,34
5712,33
5713,21
5714,19
5715,30
5716,5
5717,27
5718,34
5719,31
5720,3
5721,10
5722,33
5723,22
5724,5
5725,37
5726,23
5727,35
5728,22
5729,15
5730,31
5731,30
5732,26
5733,5
5734,2
5735,23
5736,4
5737,5
5738,4
5739,19
5740,4
5741,9
5742,20
5743,5
5744,22
5745,24
5746,12
5747,36
5748,12
5749,21
5750,34
5751,29
5752,16
5753,9
5754,37
5755,29
5756,1
5757,27
5758,19
5759,5
5760,26
5761,6
5762,12
5763,3
5764,14
5765,17
5766,14
5767,22
5768,17
5769,6
5770,35
5771,26
5772,1
5773,13
5774,12
5775,32
5776,10
5777,5
5778,6
5779,4
5780,16
5781,18
5782,5
5783,22
5784,24
5785,14
5786,23
5787,28
5788,32
5789,3
5790,27
5791,14
5792,6
5793,26
5794,22
5795,14
5796,30
5797,7
5798,3
5799,27
5800,5
5801,17
5802,5
5803,15
5804,6
5805,23
5806,16
5807,24
5808,9
5809,17
5810,16
5811,22
5812,20
5813,18
5814,3
5815,30
5816,11
5817,1
5818,35
5819,32
5820,35
5821,26
5822,8
5823,34
5824,36
5825,31
5826,11
5827,2
5828,3
5829,4
5830,29
5831,14
5832,29
5833,5
5834,27
5835,28
5836,9
5837,15
5838,9
5839,24
5840,11
5841,4
5842,26
5843,8
5844,5
5845,19
5846,27
5847,24
5848,11
5849,16
5850,22
5851,26
5852,17
5853,23
5854,1
5855,21
5856,27
5857,19
5858,14
5859,5
5860,8
5861,22
5862,17
5863,15
5864,14
5865,37
5866,7
5867,9
5868,5
5869,13
5870,36
5871,19
5872,8
5873,37
5874,28
5875,11
5876,5
5877,29
5878,17
5879,1
5880,18
5881,1
5882,15
5883,16
5884,5
5885,13
5886,33
5887,27
5888,17
5889,36
5890,32
5891,20
5892,32
5893,12
5894,19
5895,1
5896,22
5897,20
5898,5
5899,33
5900,4
5901,3
5902,14
5903,6
5904,19
5905,23
5906,25
5907,8
5908,14
5909,9
5910,33
5911,5
5912,28
5913,26
5914,25
5915,14
5916,2
5917,18
5918,8
5919,9
5920,7
5921,12
5922,21
5923,8
5924,23
5925,29
5926,6
5927,2
5928,21
5929,16
5930,14
5931,6
5932,22
5933,5
5934,37
5935,28
5936,13
5937,25
5938,4
5939,9
5940,9
5941,8
5942,5
5943,23
5944,20
5945,10
5946,29
5947,31
5948,6
5949,16
5950,24
5951,27
5952,26
5953,26
5954,5
5955,6
5956,19
5957,22
5958,15
5959,2
5960,18
5961,29
5962,7
5963,31
5964,37
5965,15
5966,19
5967,9
5968,16
5969,3
5970,17
5971,13
5972,27
5973,7
5974,14
5975,23
5976,5
5977,9
5978,28
5979,27
5980,33
5981,7
5982,6
5983,24
5984,33
5985,22
5986,19
5987,32
5988,9
5989,37
5990,14
5991,33
5992,23
5993,34
5994,20
5995,11
5996,9
5997,5
5998,14
5999,22
6000,15
6001,23
6002,33
6003,36
6004,6
6005,27
6006,1
6007,27
6008,27
6009,37
6010,15
6011,24
6012,3
6013,5
6014,14
6015,5
6016,12
6017,30
6018,20
6019,22
6020,32
6021,31
6022,19
6023,27
6024,3
6025,11
6026,29
6027,34
6028,15
6029,32
6030,2
6031,14
6032,25
6033,37
6034,27
6035,22
6036,37
6037,6
6038,21
6039,11
6040,18
6041,21
6042,34
6043,33
6044,1
6045,9
6046,5
6047,17
6048,8
6049,19
6050,30
6051,31
6052,30
6053,2
6054,30
6055,7
6056,33
6057,2
6058,22
6059,19
6060,21
6061,23
6062,6
6063,33
6064,21
6065,29
6066,22
6067,5
6068,22
6069,37
6070,30
6071,11
6072,1
6073,32
6074,24
6075,15
6076,37
6077,34
6078,9
6079,10
6080,9
6081,5
6082,37
6083,33
6084,15
6085,5
6086,1
6087,37
6088,4
6089,36
6090,2
6091,15
6092,31
6093,35
6094,3
6095,8
6096,6
6097,14
6098,13
6099,19
6100,17
6101,8
6102,16
6103,18
6104,29
6105,25
6106,2
6107,3
6108,27
6109,28
6110,19
6111,5
6112,37
6113,30
6114,22
6115,33
6116,15
6117,12
6118,24
6119,27
6120,21
6121,14
6122,36
6123,8
6124,12
6125,5
6126,25
6127,3
6128,6
6129,11
6130,22
6131,13
6132,29
6133,4
6134,27
6135,1
6136,4
6137,16
6138,34
6139,3
6140,6
6141,26
6142,24
6143,20
6144,18
6145,18
6146,33
6147,33
6148,29
6149,11
6150,23
6151,2
6152,36
6153,15
6154,37
6155,23
6156,9
6157,28
6158,32
6159,29
6160,28
6161,36
6162,10
6163,29
6164,5
6165,5
6166,13
6167,25
6168,11
6169,1
6170,12
6171,11
6172,35
6173,20
6174,12
6175,8
6176,18
6177,30
6178,15
6179,22
6180,35
6181,24
6182,6
6183,23
6184,24
6185,28
6186,34
6187,9
6188,37
6189,26
6190,21
6191,17
6192,6
6193,15
6194,33
6195,6
6196,30
6197,34
6198,25
6199,21
6200,18
6201,2
6202,16
6203,23
6204,31
6205,34
6206,31
6207,22
6208,25
6209,36
6210,25
6211,5
6212,9
6213,32
6214,17
6215,33
6216,11
6217,28
6218,13
6219,5
6220,20
6221,36
6222,18
6223,28
6224,34
6225,9
6226,6
6227,18
6228,6
6229,23
6230,15
6231,5
6232,13
6233,21
6234,34
6235,4
6236,27
6237,5
6238,33
6239,22
6240,25
6241,31
6242,23
6243,12
6244,14
6245,14
6246,37
6247,19
6248,25
6249,5
6250,31
6251,4
6252,32
6253,10
6254,33
6255,1
6256,29
6257,9
6258,27
6259,14
6260,10
6261,18
6262,15
6263,23
6264,33
6265,10
6266,24
6267,3
6268,16
6269,17
6270,19
6271,36
6272,36
6273,11
6274,37
6275,20
6276,12
6277,34
6278,13
6279,37
6280,29
6281,2
6282,14
6283,30
6284,25
6285,25
6286,1
6287,3
6288,33
6289,9
6290,36
6291,14
6292,1
6293,7
6294,9
6295,32
6296,32
6297,21
6298,10
6299,31
6300,23
6301,33
6302,27
6303,16
6304,34
6305,5
6306,6
6307,12
6308,28
6309,33
6310,6
6311,35
6312,32
6313,21
6314,1
6315,33
6316,35
6317,5
6318,16
6319,1
6320,6
6321,11
6322,27
6323,24
6324,5
6325,5
6326,37
6327,9
6328,29
6329,5
6330,28
6331,20
6332,19
6333,22
6334,26
6335,29
6336,14
6337,5
6338,31
6339,23
6340,11
6341,32
6342,35
6343,27
6344,4
6345,34
6346,2
6347,14
6348,24
6349,11
6350,33
6351,14
6352,15
6353,32
6354,16
6355,14
6356,19
6357,11
6358,14
6359,24
6360,11
6361,33
6362,28
6363,6
6364,30
6365,15
6366,9
6367,22
6368,13
6369,31
6370,31
6371,31
6372,12
6373,16
6374,33
6375,1
6376,32
6377,23
6378,9
6379,27
6380,21
6381,25
6382,22
6383,30
6384,21
6385,16
6386,11
6387,27
6388,11
6389,31
6390,4
6391,15
6392,18
6393,37
6394,5
6395,31
6396,30
6397,11
6398,37
6399,3
6400,4
6401,2
6402,29
6403,33
6404,37
6405,37
6406,34
6407,6
6408,11
6409,23
6410,26
6411,36
6412,33
6413,8
6414,30
6415,5
6416,37
6417,23
6418,3
6419,5
6420,5
6421,13
6422,33
6423,5
6424,24
6425,20
6426,14
6427,6
6428,30
6429,11
6430,27
6431,15
6432,12
6433,25
6434,9
6435,12
6436,35
6437,19
6438,5
6439,33
6440,2
6441,36
6442,19
6443,1
6444,1
6445,13
6446,2
6447,22
6448,10
6449,8
6450,16
6451,37
6452,34
6453,26
6454,29
6455,19
6456,17
6457,19
6458,15
6459,33
6460,6
6461,33
6462,34
6463,24
6464,15
6465,12
6466,8
6467,22
6468,26
6469,21
6470,29
6471,4
6472,14
6473,29
6474,5
6475,20
6476,10
6477,5
6478,33
6479,25
6480,19
6481,28
6482,20
6483,14
6484,28
6485,1
6486,5
6487,27
6488,22
6489,23
6490,26
6491,21
6492,32
6493,5
6494,19
6495,20
6496,19
6497,37
6498,29
6499,14
6500,20
6501,29
6502,31
6503,24
6504,22
6505,5
6506,6
6507,33
6508,24
6509,6
6510,20
6511,28
6512,2
6513,13
6514,29
6515,6
6516,30
6517,31
6518,33
6519,33
6520,14
6521,34
6522,33
6523,20
6524,19
6525,23
6526,7
6527,13
6528,1
6529,13
6530,32
6531,28
6532,31
6533,19
6534,11
6535,29
6536,33
6537,26
6538,18
6539,15
6540,2
6541,5
6542,13
6543,36
6544,11
6545,11
6546,1
6547,18
6548,33
6549,33
6550,2
6551,27
6552,1
6553,8
6554,21
6555,11
6556,27
6557,29
6558,26
6559,5
6560,33
6561,28
6562,9
6563,32
6564,18
6565,31
6566,20
6567,33
6568,32
6569,6
6570,19
6571,35
6572,7
6573,22
6574,33
6575,26
6576,16
6577,11
6578,13
6579,26
6580,6
6581,22
6582,23
6583,22
6584,13
6585,6
6586,27
6587,24
6588,32
6589,15
6590,17
6591,15
6592,5
6593,31
6594,30
6595,3
6596,28
6597,31
6598,19
6599,14
6600,28
6601,32
6602,16
6603,33
6604,17
6605,19
6606,34
6607,26
6608,5
6609,11
6610,32
6611,22
6612,1
6613,26
6614,2
6615,5
6616,37
6617,13
6618,14
6619,29
6620,12
6621,30
6622,2
6623,8
6624,14
6625,12
6626,17
6627,31
6628,22
6629,23
6630,27
6631,32
6632,35
6633,22
6634,28
6635,18
6636,3
6637,15
6638,33
6639,33
6640,27
6641,6
6642,24
6643,18
6644,27
6645,2
6646,16
6647,34
6648,11
6649,20
6650,27
6651,25
6652,4
6653,17
6654,2
6655,26
6656,20
6657,11
6658,14
6659,28
6660,37
6661,6
6662,29
6663,28
6664,6
6665,30
6666,15
6667,16
6668,32
6669,15
6670,2
6671,32
6672,25
6673,5
6674,28
6675,9
6676,33
6677,8
6678,17
6679,5
6680,2
6681,5
6682,23
6683,16
6684,28
6685,4
6686,22
6687,32
6688,28
6689,27
6690,9
6691,31
6692,22
6693,4
6694,34
6695,5
6696,32
6697,22
6698,30
6699,23
6700,25
6701,2
6702,27
6703,17
6704,10
6705,3
6706,27
6707,29
6708,3
6709,19
6710,21
6711,31
6712,27
6713,31
6714,3
6715,15
6716,11
6717,18
6718,20
6719,4
6720,21
6721,5
6722,26
6723,35
6724,17
6725,28
6726,29
6727,22
6728,35
6729,21
6730,4
6731,11
6732,16
6733,18
6734,2
6735,9
6736,33
6737,30
6738,18
6739,13
6740,5
6741,19
6742,14
6743,6
6744,6
6745,5
6746,33
6747,23
6748,6
6749,4
6750,18
6751,5
6752,16
6753,6
6754,17
6755,19
6756,22
6757,26
6758,12
6759,17
6760,17
6761,3
6762,7
6763,34
6764,18
6765,6
6766,37
6767,13
6768,30
6769,19
6770,37
6771,14
6772,26
6773,27
6774,17
6775,30
6776,7
6777,27
6778,31
6779,2
6780,30
6781,13
6782,3
6783,5
6784,14
6785,6
6786,30
6787,23
6788,6
6789,1
6790,5
6791,15
6792,28
6793,36
6794,32
6795,28
6796,33
6797,3
6798,37
6799,14
6800,2
6801,2
6802,17
6803,32
6804,15
6805,12
6806,28
6807,24
6808,32
6809,33
6810,34
6811,14
6812,12
6813,5
6814,29
6815,18
6816,23
6817,1
6818,25
6819,21
6820,1
6821,10
6822,29
6823,5
6824,37
6825,15
6826,16
6827,24
6828,9
6829,31
6830,30
6831,1
6832,17
6833,33
6834,14
6835,30
6836,13
6837,37
6838,26
6839,9
6840,6
6841,14
6842,35
6843,28
6844,18
6845,32
6846,33
6847,2
6848,24
6849,31
6850,34
6851,23
6852,21
6853,9
6854,1
6855,17
6856,3
6857,2
6858,6
6859,16
6860,3
6861,30
6862,5
6863,34
6864,35
6865,29
6866,34
6867,30
6868,37
6869,37
6870,14
6871,17
6872,15
6873,18
6874,34
6875,25
6876,5
6877,9
6878,6
6879,24
6880,31
6881,37
6882,29
6883,1
6884,13
6885,19
6886,27
6887,29
6888,24
6889,20
6890,30
6891,9
6892,27
6893,14
6894,34
6895,37
6896,22
6897,32
6898,33
6899,22
6900,33
6901,12
6902,32
6903,12
6904,12
6905,5
6906,27
6907,29
6908,12
6909,22
6910,20
6911,33
6912,8
6913,5
6914,34
6915,29
6916,3
6917,24
6918,27
6919,31
6920,25
6921,5
6922,16
6923,24
6924,22
6925,20
6926,11
6927,7
6928,31
6929,27
6930,33
6931,15
6932,26
6933,6
6934,20
6935,21
6936,37
6937,10
6938,21
6939,33
6940,11
6941,20
6942,13
6943,10
6944,21
6945,13
6946,15
6947,2
6948,33
6949,5
6950,28
6951,16
6952,33
6953,3
6954,16
6955,9
6956,17
6957,30
6958,37
6959,2
6960,23
6961,6
6962,20
6963,21
6964,2
6965,5
6966,24
6967,19
6968,6
6969,26
6970,16
6971,22
6972,15
6973,31
6974,30
6975,32
6976,33
6977,30
6978,23
6979,35
6980,6
6981,23
6982,16
6983,34
6984,21
6985,11
6986,28
6987,1
6988,3
6989,6
6990,15
6991,17
6992,10
6993,18
6994,31
6995,9
6996,15
6997,6
6998,33
6999,12
7000,30
7001,28
7002,4
7003,22
7004,29
7005,5
7006,30
7007,34
7008,12
7009,29
7010,32
7011,33
7012,30
7013,15
7014,3
7015,15
7016,30
7017,16
7018,15
7019,3
7020,9
7021,32
7022,31
7023,9
7024,3
7025,26
7026,34
7027,6
7028,16
7029,13
7030,34
7031,12
7032,9
7033,19
7034,19
7035,21
7036,1
7037,15
7038,20
7039,3
7040,9
7041,18
7042,3
7043,36
7044,16
7045,29
7046,10
7047,28
7048,5
7049,15
7050,6
7051,21
7052,23
7053,14
7054,31
7055,2
7056,26
7057,34
7058,30
7059,6
7060,16
7061,24
7062,9
7063,2
7064,36
7065,19
7066,3
7067,17
7068,19
7069,35
7070,16
7071,34
7072,27
7073,16
7074,33
7075,21
7076,13
7077,34
7078,8
7079,5
7080,20
7081,33
7082,36
7083,22
7084,12
7085,31
7086,7
7087,6
7088,35
7089,8
7090,3
7091,20
7092,28
7093,15
7094,6
7095,1
7096,20
7097,31
7098,23
7099,37
7100,20
7101,33
7102,21
7103,27
7104,32
7105,25
7106,6
7107,26
7108,9
7109,19
7110,34
7111,24
7112,2
7113,34
7114,11
7115,14
7116,29
7117,3
7118,22
7119,11
7120,37
7121,5
7122,12
7123,33
7124,18
7125,33
7126,24
7127,6
7128,35
7129,11
7130,27
7131,25
7132,34
7133,12
7134,2
7135,32
7136,26
7137,34
7138,5
7139,34
7140,14
7141,10
7142,27
7143,30
7144,20
7145,34
7146,12
7147,13
7148,9
7149,12
7150,27
7151,26
7152,5
7153,23
7154,32
7155,30
7156,34
7157,31
7158,6
7159,29
7160,28
7161,9
7162,26
7163,9
7164,14
7165,37
7166,4
7167,10
7168,28
7169,22
7170,17
7171,34
7172,17
7173,9
7174,33
7175,17
7176,23
7177,27
7178,33
7179,3
7180,29
7181,6
7182,32
7183,12
7184,3
7185,11
7186,11
7187,20
7188,20
7189,13
7190,25
7191,13
7192,25
7193,34
7194,23
7195,7
7196,15
7197,4
7198,19
7199,25
7200,3
7201,11
7202,10
7203,32
7204,30
7205,22
7206,19
7207,11
7208,5
7209,33
7210,25
7211,28
7212,27
7213,2
7214,36
7215,32
7216,7
7217,36
7218,20
7219,37
7220,32
7221,37
7222,22
7223,33
7224,36
7225,2
7226,30
7227,18
7228,32
7229,17
7230,21
7231,17
7232,25
7233,32
7234,31
7235,22
7236,25
7237,31
7238,15
7239,13
7240,25
7241,2
7242,15
7243,30
7244,15
7245,30
7246,36
7247,36
7248,1
7249,22
7250,23
7251,6
7252,31
7253,3
7254,5
7255,3
7256,25
7257,28
7258,19
7259,27
7260,15
7261,14
7262,14
7263,32
7264,5
7265,16
7266,22
7267,29
7268,30
7269,33
7270,21
7271,36
7272,2
7273,14
7274,27
7275,6
7276,16
7277,28
7278,27
7279,18
7280,4
7281,32
7282,31
7283,31
7284,5
7285,24
7286,17
7287,32
7288,14
7289,33
7290,25
7291,15
7292,17
7293,35
7294,5
7295,22
7296,1
7297,11
7298,5
7299,28
7300,34
7301,25
7302,30
7303,26
7304,14
7305,5
7306,27
7307,14
7308,27
7309,2
7310,17
7311,9
7312,32
7313,19
7314,20
7315,13
7316,5
7317,10
7318,28
7319,14
7320,26
7321,16
7322,28
7323,30
7324,36
7325,12
7326,35
7327,30
7328,19
7329,36
7330,32
7331,24
7332,35
7333,26
7334,37
7335,31
7336,12
7337,27
7338,3
7339,32
7340,13
7341,3
7342,26
7343,24
7344,26
7345,29
7346,26
7347,6
7348,22
